<?xml version="1.0"?>
<!DOCTYPE LinkSet PUBLIC "-//NLM//DTD LinkOut 1.0//EN" "http://www.ncbi.nlm.nih.gov/projects/linkout/doc/LinkOut.dtd">
<LinkSet>
  <Link>
    <LinkId>1</LinkId>
    <ProviderId>8855</ProviderId>
    <ObjectSelector>
      <Database>PubMed</Database>
      <ObjectList>
        <Query>"AURKA"[tiab] OR "AIK"[tiab] OR "AIRK1"[tiab] OR "ARK1"[tiab] OR "AURA"[tiab] OR "AYK1"[tiab] OR "BTAK"[tiab] OR "IAK1"[tiab] OR "STK15"[tiab] OR "STK6"[tiab] OR "AURKA protein, human" [Supplementary Concept]</Query>
      </ObjectList>
    </ObjectSelector>
    <ObjectUrl>
      <Base>https://assays.cancer.gov</Base>
      <Rule>/CPTAC-1341</Rule>
    </ObjectUrl>
  </Link>
</LinkSet>
