<?xml version="1.0"?>
<!DOCTYPE LinkSet PUBLIC "-//NLM//DTD LinkOut 1.0//EN" "http://www.ncbi.nlm.nih.gov/projects/linkout/doc/LinkOut.dtd">
<LinkSet>
  <Link>
    <LinkId>1</LinkId>
    <ProviderId>8855</ProviderId>
    <ObjectSelector>
      <Database>PubMed</Database>
      <ObjectList>
        <Query>"AURKB"[tiab] OR "AIK2"[tiab] OR "AIM1"[tiab] OR "AIRK2"[tiab] OR "ARK2"[tiab] OR "STK1"[tiab] OR "STK12"[tiab] OR "STK5"[tiab] OR "AURKB protein, human" [Supplementary Concept]</Query>
      </ObjectList>
    </ObjectSelector>
    <ObjectUrl>
      <Base>https://assays.cancer.gov</Base>
      <Rule>/CPTAC-1219</Rule>
    </ObjectUrl>
  </Link>
</LinkSet>
