<?xml version="1.0"?>
<!DOCTYPE LinkSet PUBLIC "-//NLM//DTD LinkOut 1.0//EN" "http://www.ncbi.nlm.nih.gov/projects/linkout/doc/LinkOut.dtd">
<LinkSet>
  <Link>
    <LinkId>1</LinkId>
    <ProviderId>8855</ProviderId>
    <ObjectSelector>
      <Database>PubMed</Database>
      <ObjectList>
        <Query>"CDK1"[tiab] OR "CDC2"[tiab] OR "CDC28A"[tiab] OR "CDKN1"[tiab] OR "P34CDC2"[tiab] OR "CDK1 protein, human" [Supplementary Concept]</Query>
      </ObjectList>
    </ObjectSelector>
    <ObjectUrl>
      <Base>https://assays.cancer.gov</Base>
      <Rule>/CPTAC-797</Rule>
    </ObjectUrl>
  </Link>
</LinkSet>
