<?xml version="1.0"?>
<!DOCTYPE LinkSet PUBLIC "-//NLM//DTD LinkOut 1.0//EN" "http://www.ncbi.nlm.nih.gov/projects/linkout/doc/LinkOut.dtd">
<LinkSet>
  <Link>
    <LinkId>1</LinkId>
    <ProviderId>8855</ProviderId>
    <ObjectSelector>
      <Database>PubMed</Database>
      <ObjectList>
        <Query>"EHD1"[tiab] OR "PAST"[tiab] OR "PAST1"[tiab] OR "EHD1 protein, human" [Supplementary Concept]</Query>
      </ObjectList>
    </ObjectSelector>
    <ObjectUrl>
      <Base>https://assays.cancer.gov</Base>
      <Rule>/CPTAC-68</Rule>
    </ObjectUrl>
  </Link>
</LinkSet>
