<?xml version="1.0"?>
<!DOCTYPE LinkSet PUBLIC "-//NLM//DTD LinkOut 1.0//EN" "http://www.ncbi.nlm.nih.gov/projects/linkout/doc/LinkOut.dtd">
<LinkSet>
  <Link>
    <LinkId>1</LinkId>
    <ProviderId>8855</ProviderId>
    <ObjectSelector>
      <Database>PubMed</Database>
      <ObjectList>
        <Query>"EPCAM"[tiab] OR "GA733-2"[tiab] OR "M1S2"[tiab] OR "M4S1"[tiab] OR "MIC18"[tiab] OR "TACSTD1"[tiab] OR "TROP1"[tiab] OR "EPCAM protein, human" [Supplementary Concept]</Query>
      </ObjectList>
    </ObjectSelector>
    <ObjectUrl>
      <Base>https://assays.cancer.gov</Base>
      <Rule>/CPTAC-502</Rule>
    </ObjectUrl>
  </Link>
</LinkSet>
