<?xml version="1.0"?>
<!DOCTYPE LinkSet PUBLIC "-//NLM//DTD LinkOut 1.0//EN" "http://www.ncbi.nlm.nih.gov/projects/linkout/doc/LinkOut.dtd">
<LinkSet>
  <Link>
    <LinkId>1</LinkId>
    <ProviderId>8855</ProviderId>
    <ObjectSelector>
      <Database>PubMed</Database>
      <ObjectList>
        <Query>"EPHB2"[tiab] OR "DRT"[tiab] OR "EPHT3"[tiab] OR "EPTH3"[tiab] OR "ERK"[tiab] OR "HEK5"[tiab] OR "TYRO5"[tiab] OR "EPHB2 protein, human" [Supplementary Concept]</Query>
      </ObjectList>
    </ObjectSelector>
    <ObjectUrl>
      <Base>https://assays.cancer.gov</Base>
      <Rule>/CPTAC-2786</Rule>
    </ObjectUrl>
  </Link>
</LinkSet>
