<?xml version="1.0"?>
<!DOCTYPE LinkSet PUBLIC "-//NLM//DTD LinkOut 1.0//EN" "http://www.ncbi.nlm.nih.gov/projects/linkout/doc/LinkOut.dtd">
<LinkSet>
  <Link>
    <LinkId>1</LinkId>
    <ProviderId>8855</ProviderId>
    <ObjectSelector>
      <Database>PubMed</Database>
      <ObjectList>
        <Query>"FGFR1"[tiab] OR "BFGFR"[tiab] OR "CEK"[tiab] OR "FGFBR"[tiab] OR "FLG"[tiab] OR "FLT2"[tiab] OR "HBGFR"[tiab] OR "FGFR1 protein, human" [Supplementary Concept]</Query>
      </ObjectList>
    </ObjectSelector>
    <ObjectUrl>
      <Base>https://assays.cancer.gov</Base>
      <Rule>/CPTAC-1773</Rule>
    </ObjectUrl>
  </Link>
</LinkSet>
