<?xml version="1.0"?>
<!DOCTYPE LinkSet PUBLIC "-//NLM//DTD LinkOut 1.0//EN" "http://www.ncbi.nlm.nih.gov/projects/linkout/doc/LinkOut.dtd">
<LinkSet>
  <Link>
    <LinkId>1</LinkId>
    <ProviderId>8855</ProviderId>
    <ObjectSelector>
      <Database>PubMed</Database>
      <ObjectList>
        <Query>"HSD17B10"[tiab] OR "ERAB"[tiab] OR "HADH2"[tiab] OR "MRPP2"[tiab] OR "SCHAD"[tiab] OR "SDR5C1"[tiab] OR "XH98G2"[tiab] OR "HSD17B10 protein, human" [Supplementary Concept]</Query>
      </ObjectList>
    </ObjectSelector>
    <ObjectUrl>
      <Base>https://assays.cancer.gov</Base>
      <Rule>/CPTAC-522</Rule>
    </ObjectUrl>
  </Link>
</LinkSet>
