<?xml version="1.0"?>
<!DOCTYPE LinkSet PUBLIC "-//NLM//DTD LinkOut 1.0//EN" "http://www.ncbi.nlm.nih.gov/projects/linkout/doc/LinkOut.dtd">
<LinkSet>
  <Link>
    <LinkId>1</LinkId>
    <ProviderId>8855</ProviderId>
    <ObjectSelector>
      <Database>PubMed</Database>
      <ObjectList>
        <Query>"MAP4K4"[tiab] OR "HGK"[tiab] OR "KIAA0687"[tiab] OR "NIK"[tiab] OR "MAP4K4 protein, human" [Supplementary Concept]</Query>
      </ObjectList>
    </ObjectSelector>
    <ObjectUrl>
      <Base>https://assays.cancer.gov</Base>
      <Rule>/CPTAC-866</Rule>
    </ObjectUrl>
  </Link>
</LinkSet>
