<?xml version="1.0"?>
<!DOCTYPE LinkSet PUBLIC "-//NLM//DTD LinkOut 1.0//EN" "http://www.ncbi.nlm.nih.gov/projects/linkout/doc/LinkOut.dtd">
<LinkSet>
  <Link>
    <LinkId>1</LinkId>
    <ProviderId>8855</ProviderId>
    <ObjectSelector>
      <Database>PubMed</Database>
      <ObjectList>
        <Query>"MAPK14"[tiab] OR "CSBP"[tiab] OR "CSBP1"[tiab] OR "CSBP2"[tiab] OR "CSPB1"[tiab] OR "MXI2"[tiab] OR "SAPK2A"[tiab] OR "MAPK14 protein, human" [Supplementary Concept]</Query>
      </ObjectList>
    </ObjectSelector>
    <ObjectUrl>
      <Base>https://assays.cancer.gov</Base>
      <Rule>/CPTAC-878</Rule>
    </ObjectUrl>
  </Link>
</LinkSet>
