<?xml version="1.0"?>
<!DOCTYPE LinkSet PUBLIC "-//NLM//DTD LinkOut 1.0//EN" "http://www.ncbi.nlm.nih.gov/projects/linkout/doc/LinkOut.dtd">
<LinkSet>
  <Link>
    <LinkId>1</LinkId>
    <ProviderId>8855</ProviderId>
    <ObjectSelector>
      <Database>PubMed</Database>
      <ObjectList>
        <Query>"MED24"[tiab] OR "ARC100"[tiab] OR "CRSP4"[tiab] OR "DRIP100"[tiab] OR "KIAA0130"[tiab] OR "THRAP4"[tiab] OR "TRAP100"[tiab] OR "MED24 protein, human" [Supplementary Concept]</Query>
      </ObjectList>
    </ObjectSelector>
    <ObjectUrl>
      <Base>https://assays.cancer.gov</Base>
      <Rule>/CPTAC-933</Rule>
    </ObjectUrl>
  </Link>
</LinkSet>
